src_id,wfs_id,object_id,VersieId,GeometrieMethode,GebouwStatus,area_m2,centroid_x,centroid_y,rank_area,south_usable_panel_area_m2,south_kwp,south_specific_yield,south_kwh_year,south_co2_tons_year,ew_usable_panel_area_m2,ew_kwp,ew_specific_yield,ew_kwh_year,ew_co2_tons_year,best_layout,best_kwh_year,best_co2_tons_year
Gebouw.20519074,https://data.vlaanderen.be/id/gebouw/20519074,20519074,2024-07-09 02:01:45,IngemetenGRB,Gerealiseerd,75581.31044659179,174150.531198904,175266.02218215656,1,45348.78626795507,11337.196566988767,1076.43,12203698.500603719,2806.8506551388555,45348.78626795507,11337.196566988767,886.125,10046173.30792292,2310.6198608222717,south,12203698.500603719,2806.8506551388555
Gebouw.19744197,https://data.vlaanderen.be/id/gebouw/19744197,19744197,2023-11-03 05:04:55,IngemetenGRB,Gehistoreerd,74099.16611713998,174149.00695616697,175269.40962276392,2,44459.499670283985,11114.874917570996,1076.43,11964384.807520948,2751.808505729818,44459.499670283985,11114.874917570996,886.125,9849168.5363326,2265.308763356498,south,11964384.807520948,2751.808505729818
Gebouw.14098173,https://data.vlaanderen.be/id/gebouw/14098173,14098173,2023-11-02 17:06:17,IngemetenGRB,Gehistoreerd,67593.23508033773,174142.91416807508,175279.42322004115,3,40555.941048202636,10138.985262050659,1076.43,10913907.905629192,2510.1988182947143,40555.941048202636,10138.985262050659,886.125,8984408.31533464,2066.4139125269676,south,10913907.905629192,2510.1988182947143
Gebouw.20591951,https://data.vlaanderen.be/id/gebouw/20591951,20591951,2025-06-17 05:23:05,IngemetenGRB,Gerealiseerd,64277.72433903354,171407.69219697607,174258.31065508857,4,38566.63460342013,9641.658650855032,1065.6,10274151.45835112,2363.054835420758,38566.63460342013,9641.658650855032,878.69,8472029.039919809,1948.566679181556,south,10274151.45835112,2363.054835420758
Gebouw.13982158,https://data.vlaanderen.be/id/gebouw/13982158,13982158,2023-11-02 16:42:58,IngemetenGRB,Gerealiseerd,38116.27459472795,177680.52078104575,175330.95636051035,5,22869.76475683677,5717.441189209192,1081.6,6183984.390248662,1422.3164097571923,22869.76475683677,5717.441189209192,890.55,5091667.251050246,1171.0834677415567,south,6183984.390248662,1422.3164097571923
Gebouw.14571806,https://data.vlaanderen.be/id/gebouw/14571806,14571806,2024-04-10 17:08:28,IngemetenGRB,Gerealiseerd,35396.73234128464,173967.21756680324,176240.60769065015,6,21238.03940477078,5309.509851192695,1076.28,5714519.262641674,1314.339430407585,21238.03940477078,5309.509851192695,886.06,4704544.298747799,1082.045188711994,south,5714519.262641674,1314.339430407585
Gebouw.19742794,https://data.vlaanderen.be/id/gebouw/19742794,19742794,2023-11-03 05:02:42,IngemetenGRB,Gerealiseerd,29947.837363621264,175586.99672192364,170630.37481908363,7,17968.702418172757,4492.175604543189,1084.99,4873965.609173315,1121.0120901098624,17968.702418172757,4492.175604543189,892.93,4011198.36256475,922.5756233898925,south,4873965.609173315,1121.0120901098624
Gebouw.14081549,https://data.vlaanderen.be/id/gebouw/14081549,14081549,2023-11-02 17:01:51,IngemetenGRB,Gehistoreerd,22307.81857477239,175614.76531742737,170623.45038818152,9,13384.691144863435,3346.1727862158587,1084.99,3630564.0113163446,835.0297226027593,13384.691144863435,3346.1727862158587,892.93,2987898.0659957263,687.2165551790171,south,3630564.0113163446,835.0297226027593
Gebouw.13921712,https://data.vlaanderen.be/id/gebouw/13921712,13921712,2023-11-02 13:57:21,IngemetenGRB,Gehistoreerd,22419.671796571998,173116.82342116677,179242.69300635954,8,13451.8030779432,3362.9507694858,1062.28,3572395.3434093753,821.6509289841564,13451.8030779432,3362.9507694858,875.4549999999999,2944112.0659001907,677.145775157044,south,3572395.3434093753,821.6509289841564
Gebouw.19740693,https://data.vlaanderen.be/id/gebouw/19740693,19740693,2025-06-21 00:47:50,IngemetenGRB,Gerealiseerd,21395.952432554972,171350.26963826845,174448.12388199772,10,12837.571459532983,3209.3928648832457,1065.62,3419993.224676884,786.5984416756833,12837.571459532983,3209.3928648832457,878.73,2820189.7921588547,648.6436521965367,south,3419993.224676884,786.5984416756833
Gebouw.19738853,https://data.vlaanderen.be/id/gebouw/19738853,19738853,2025-12-10 12:58:56,IngemetenGRB,Gerealiseerd,20010.153760128796,173682.02863334908,175816.08193947986,11,12006.092256077278,3001.5230640193195,1071.91,3217362.587552949,739.9933951371783,12006.092256077278,3001.5230640193195,882.99,2650314.850298419,609.5724155686364,south,3217362.587552949,739.9933951371783
Gebouw.19740151,https://data.vlaanderen.be/id/gebouw/19740151,19740151,2024-04-15 17:06:30,IngemetenGRB,Gerealiseerd,19750.47118784952,173124.16317773517,179225.92922578764,12,11850.282712709713,2962.5706781774284,1062.27,3147049.9543075366,723.8214894907335,11850.282712709713,2962.5706781774284,875.4549999999999,2593597.3130638204,596.5273820046788,south,3147049.9543075366,723.8214894907335
Gebouw.19741109,https://data.vlaanderen.be/id/gebouw/19741109,19741109,2023-11-03 04:53:27,IngemetenGRB,Gerealiseerd,16522.53295410894,175264.34155152575,170710.3074635896,14,9913.519772465364,2478.379943116341,1084.42,2687604.777914223,618.1490989202713,9913.519772465364,2478.379943116341,892.72,2212499.34281882,508.87484884832855,south,2687604.777914223,618.1490989202713
Gebouw.19740655,https://data.vlaanderen.be/id/gebouw/19740655,19740655,2023-11-03 04:53:18,IngemetenGRB,Gerealiseerd,16582.794809213327,171839.2347927395,172970.83083129846,13,9949.676885527995,2487.419221381999,1065.68,2650792.9158423687,609.6823706437448,9949.676885527995,2487.419221381999,878.665,2185608.2101556137,502.6898883357912,south,2650792.9158423687,609.6823706437448
Gebouw.14207657,https://data.vlaanderen.be/id/gebouw/14207657,14207657,2023-11-02 16:21:59,IngemetenGRB,Gerealiseerd,15060.261085116585,171726.24068625187,175123.5095395242,15,9036.15665106995,2259.0391627674876,1064.44,2404611.6464162245,553.0606786757317,9036.15665106995,2259.0391627674876,878.27,1984046.3254838013,456.33065486127435,south,2404611.6464162245,553.0606786757317
Gebouw.19740414,https://data.vlaanderen.be/id/gebouw/19740414,19740414,2023-11-03 04:53:14,IngemetenGRB,Gerealiseerd,14786.56635490001,174013.25841295684,173519.92218827808,16,8871.939812940005,2217.9849532350013,1076.2,2386995.4066715087,549.008943534447,8871.939812940005,2217.9849532350013,886.135,1965434.0965348978,452.0498422030265,south,2386995.4066715087,549.008943534447
Gebouw.14108718,https://data.vlaanderen.be/id/gebouw/14108718,14108718,2023-11-02 16:53:06,IngemetenGRB,Gehistoreerd,13455.109011964969,175292.07559448166,170681.9755374144,17,8073.065407178981,2018.2663517947453,1084.42,2188648.397213258,503.3891313590494,8073.065407178981,2018.2663517947453,892.7249999999999,1801756.8289059638,414.4040706483717,south,2188648.397213258,503.3891313590494
Gebouw.14097919,https://data.vlaanderen.be/id/gebouw/14097919,14097919,2023-11-02 17:06:35,IngemetenGRB,Gerealiseerd,13229.20432610933,174349.5889043304,177058.2063078048,18,7937.522595665598,1984.3806489163994,1064.94,2113246.3282570303,486.046655499117,7937.522595665598,1984.3806489163994,878.06,1742405.2725875336,400.7532126951328,south,2113246.3282570303,486.046655499117
Gebouw.14217187,https://data.vlaanderen.be/id/gebouw/14217187,14217187,2023-11-02 14:11:52,IngemetenGRB,Gehistoreerd,12147.596766979977,171322.1516886591,174430.48583486033,19,7288.5580601879865,1822.1395150469966,1066.16,1942692.265362506,446.81922103337644,7288.5580601879865,1822.1395150469966,878.95,1601569.5267505578,368.36099115262834,south,1942692.265362506,446.81922103337644
Gebouw.14019047,https://data.vlaanderen.be/id/gebouw/14019047,14019047,2023-11-02 16:44:05,IngemetenGRB,Gerealiseerd,11857.778636644736,173917.51883426518,176700.92476009455,20,7114.667181986842,1778.6667954967104,1064.89,1894084.4838564922,435.6394312869932,7114.667181986842,1778.6667954967104,878.0799999999999,1561811.7397897514,359.21670015164284,south,1894084.4838564922,435.6394312869932
Gebouw.15019115,https://data.vlaanderen.be/id/gebouw/15019115,15019115,2023-11-02 16:34:01,IngemetenGRB,Gerealiseerd,11391.88102552919,176001.00727767238,170617.9347467641,21,6835.128615317514,1708.7821538293786,1084.98,1853994.461261799,426.4187260902138,6835.128615317514,1708.7821538293786,892.925,1525814.3047080978,350.93729008286255,south,1853994.461261799,426.4187260902138
Gebouw.15169001,https://data.vlaanderen.be/id/gebouw/15169001,15169001,2023-11-02 16:39:58,IngemetenGRB,Gerealiseerd,11066.556898169396,174088.5687458696,173101.34129263496,22,6639.934138901637,1659.9835347254093,1076.14,1786374.6810594022,410.8661766436625,6639.934138901637,1659.9835347254093,886.1400000000001,1470977.8094615743,338.3248961761621,south,1786374.6810594022,410.8661766436625
Gebouw.14070280,https://data.vlaanderen.be/id/gebouw/14070280,14070280,2023-11-02 14:09:38,IngemetenGRB,Gehistoreerd,11034.351914566987,174010.08617859383,173536.60769369698,23,6620.611148740192,1655.152787185048,1076.2,1781275.4295685487,409.6933488007662,6620.611148740192,1655.152787185048,886.135,1466688.8150722226,337.3384274666112,south,1781275.4295685487,409.6933488007662
Gebouw.19743111,https://data.vlaanderen.be/id/gebouw/19743111,19743111,2024-04-15 17:06:38,IngemetenGRB,Gerealiseerd,10954.169766538822,171866.74048192071,172834.65655074455,24,6572.501859923293,1643.1254649808232,1065.66,1751013.0830114642,402.7330090926368,6572.501859923293,1643.1254649808232,878.66,1443748.62106005,332.0621828438115,south,1751013.0830114642,402.7330090926368
Gebouw.14427611,https://data.vlaanderen.be/id/gebouw/14427611,14427611,2025-09-23 18:35:32,IngemetenGRB,Gerealiseerd,10517.973241264604,173259.77338008382,172001.27523474913,25,6310.783944758762,1577.6959861896905,1065.53,1681082.404164701,386.64895295788125,6310.783944758762,1577.6959861896905,878.66,1386258.3552254334,318.8394217018497,south,1681082.404164701,386.64895295788125
Gebouw.14530569,https://data.vlaanderen.be/id/gebouw/14530569,14530569,2023-11-02 16:33:39,IngemetenGRB,Gerealiseerd,10311.112115450967,174891.0833363785,170830.85490564592,26,6186.667269270581,1546.6668173176452,1085.01,1678148.9634578181,385.9742615952982,6186.667269270581,1546.6668173176452,892.925,1381057.4678533582,317.64321760627246,south,1678148.9634578181,385.9742615952982
Gebouw.14039490,https://data.vlaanderen.be/id/gebouw/14039490,14039490,2025-09-17 08:46:29,IngemetenGRB,Gerealiseerd,9790.197563967562,175472.36227716823,171384.25052918468,27,5874.118538380537,1468.5296345951342,1075.91,1580005.719157251,363.4013154061678,5874.118538380537,1468.5296345951342,886.145,1301330.193048305,299.3059444011102,south,1580005.719157251,363.4013154061678
Gebouw.14070552,https://data.vlaanderen.be/id/gebouw/14070552,14070552,2023-11-02 14:09:32,IngemetenGRB,Gerealiseerd,8901.619284140963,173666.60413632428,176600.9140055632,28,5340.971570484578,1335.2428926211444,1076.02,1436748.0573182038,330.45205318318693,5340.971570484578,1335.2428926211444,885.72,1182651.3348524,272.00980701605204,south,1436748.0573182038,330.45205318318693
Gebouw.14016035,https://data.vlaanderen.be/id/gebouw/14016035,14016035,2023-11-02 13:56:50,IngemetenGRB,Gehistoreerd,8887.164584866081,177205.27377553572,175305.05386116556,29,5332.298750919648,1333.074687729912,1076.35,1434854.9401380906,330.01663623176086,5332.298750919648,1333.074687729912,889.3699999999999,1185596.6350263518,272.6872260560609,south,1434854.9401380906,330.01663623176086
Gebouw.14375922,https://data.vlaanderen.be/id/gebouw/14375922,14375922,2024-04-10 17:08:09,IngemetenGRB,Gerealiseerd,8876.28123128054,173861.0756001316,176444.44822034493,30,5325.768738768324,1331.442184692081,1076.45,1433230.9397117905,329.6431161337118,5325.768738768324,1331.442184692081,886.095,1179784.2626447296,271.35038040828783,south,1433230.9397117905,329.6431161337118
Gebouw.14000357,https://data.vlaanderen.be/id/gebouw/14000357,14000357,2023-11-02 14:20:50,IngemetenGRB,Gehistoreerd,8804.099695217546,173659.87290120972,175873.7479835815,31,5282.459817130528,1320.614954282632,1071.92,1415593.581794639,325.5865238127669,5282.459817130528,1320.614954282632,882.99,1166089.7984820213,268.2006536508649,south,1415593.581794639,325.5865238127669
Gebouw.14239209,https://data.vlaanderen.be/id/gebouw/14239209,14239209,2023-11-02 14:14:55,IngemetenGRB,Gerealiseerd,8501.42394931973,174773.63629664862,170689.78801025843,33,5100.854369591837,1275.2135923979592,1084.99,1383593.9956158618,318.22661899164825,5100.854369591837,1275.2135923979592,892.925,1138670.0969919476,261.8941223081479,south,1383593.9956158618,318.22661899164825
Gebouw.19739993,https://data.vlaanderen.be/id/gebouw/19739993,19739993,2024-01-22 08:42:45,IngemetenGRB,Gerealiseerd,8580.601732784358,177207.42178739686,175302.25228305606,32,5148.361039670614,1287.0902599176536,1074.28,1382695.324424337,318.0199246175975,5148.361039670614,1287.0902599176536,888.835,1144010.8711739078,263.1225003699988,south,1382695.324424337,318.0199246175975
Gebouw.19740731,https://data.vlaanderen.be/id/gebouw/19740731,19740731,2023-11-03 04:53:20,IngemetenGRB,Gerealiseerd,8408.833804927019,173910.31349962804,175400.64734277345,34,5045.300282956211,1261.3250707390528,1076.45,1357753.3723970533,312.28327565132224,5045.300282956211,1261.3250707390528,886.125,1117691.6783086432,257.0690860109879,south,1357753.3723970533,312.28327565132224
Gebouw.14572288,https://data.vlaanderen.be/id/gebouw/14572288,14572288,2025-09-17 09:18:33,IngemetenGRB,Gerealiseerd,8147.909897948479,171981.86527026154,174663.2703684371,35,4888.745938769087,1222.1864846922717,1065.32,1302019.7058723709,299.4645323506453,4888.745938769087,1222.1864846922717,878.42,1073593.0518833853,246.92640193317862,south,1302019.7058723709,299.4645323506453
Gebouw.14191487,https://data.vlaanderen.be/id/gebouw/14191487,14191487,2023-11-02 16:21:10,IngemetenGRB,Gehistoreerd,7992.218786190598,175081.48311913974,171185.37404797343,36,4795.331271714358,1198.8328179285895,1075.9,1289824.2288093695,296.659572626155,4795.331271714358,1198.8328179285895,886.15,1062345.7016074196,244.33951136970654,south,1289824.2288093695,296.659572626155
Gebouw.19739426,https://data.vlaanderen.be/id/gebouw/19739426,19739426,2023-11-03 04:52:29,IngemetenGRB,Gerealiseerd,7861.071241270749,176340.1334090218,175018.21473835685,37,4716.642744762449,1179.1606861906123,1075.9,1268658.98227248,291.79156592267043,4716.642744762449,1179.1606861906123,886.02,1044759.9511786063,240.29478877107945,south,1268658.98227248,291.79156592267043
Gebouw.14137556,https://data.vlaanderen.be/id/gebouw/14137556,14137556,2023-11-02 15:37:47,IngemetenGRB,Gehistoreerd,7602.286771269155,171888.1650337698,172840.3390658173,38,4561.372062761493,1140.3430156903732,1065.11,1214590.7494419734,279.3558723716539,4561.372062761493,1140.3430156903732,878.415,1001694.4101276592,230.38971432936162,south,1214590.7494419734,279.3558723716539
Gebouw.13964733,https://data.vlaanderen.be/id/gebouw/13964733,13964733,2023-11-02 15:13:19,IngemetenGRB,Gerealiseerd,7516.332943476491,175325.551601228,171720.21381157442,39,4509.799766085895,1127.4499415214736,1075.95,1213079.7645800295,279.0083458534068,4509.799766085895,1127.4499415214736,886.1400000000001,999078.4911798388,229.78805297136293,south,1213079.7645800295,279.0083458534068
Gebouw.14011096,https://data.vlaanderen.be/id/gebouw/14011096,14011096,2023-11-02 15:23:11,IngemetenGRB,Gehistoreerd,7217.37535851462,175502.07980482653,170651.41022580984,40,4330.425215108771,1082.6063037771928,1084.99,1174617.0135352165,270.1619131130998,4330.425215108771,1082.6063037771928,892.9300000000001,966691.6468317688,222.33907877130684,south,1174617.0135352165,270.1619131130998
Gebouw.14246617,https://data.vlaanderen.be/id/gebouw/14246617,14246617,2023-11-02 16:23:33,IngemetenGRB,Gehistoreerd,7193.3382244533195,174308.44826333338,174171.0869076486,41,4316.002934671991,1079.0007336679978,1076.28,1161306.9096321927,267.10058921540434,4316.002934671991,1079.0007336679978,886.13,956134.9201252229,219.91103162880128,south,1161306.9096321927,267.10058921540434
Gebouw.14010866,https://data.vlaanderen.be/id/gebouw/14010866,14010866,2023-11-02 15:21:18,IngemetenGRB,Gerealiseerd,6965.149239160539,174777.80641756562,170783.69381341187,42,4179.089543496323,1044.7723858740808,1085.0,1133578.0386733776,260.7229488948769,4179.089543496323,1044.7723858740808,892.925,932903.3826566135,214.56777801102112,south,1133578.0386733776,260.7229488948769
Gebouw.18242455,https://data.vlaanderen.be/id/gebouw/18242455,18242455,2023-11-02 07:10:08,IngemetenGRB,Gerealiseerd,6957.312767203133,173417.1962218087,175440.11967830424,43,4174.38766032188,1043.59691508047,1072.58,1119341.1791770104,257.4484712107124,4174.38766032188,1043.59691508047,883.245,921751.7572602497,212.00290416985743,south,1119341.1791770104,257.4484712107124
Gebouw.13971133,https://data.vlaanderen.be/id/gebouw/13971133,13971133,2023-11-02 13:53:01,IngemetenGRB,Gerealiseerd,6815.707035154141,175327.91564673922,171414.87551727518,44,4089.424221092484,1022.356055273121,1075.92,1099973.3269894563,252.99386520757497,4089.424221092484,1022.356055273121,886.145,905955.7065999998,208.36981251799997,south,1099973.3269894563,252.99386520757497
Gebouw.14120699,https://data.vlaanderen.be/id/gebouw/14120699,14120699,2023-11-02 16:02:11,IngemetenGRB,Gehistoreerd,6814.365465910127,175684.11940624827,171244.39570540073,45,4088.6192795460756,1022.1548198865189,1075.61,1099439.9458181385,252.87118753817188,4088.6192795460756,1022.1548198865189,886.09,905721.1643532455,208.31586780124647,south,1099439.9458181385,252.87118753817188
Gebouw.14239208,https://data.vlaanderen.be/id/gebouw/14239208,14239208,2025-09-17 08:44:27,IngemetenGRB,Gerealiseerd,6715.329906214663,175984.21465879088,170788.56731350854,46,4029.197943728798,1007.2994859321994,1084.99,1092909.869241577,251.36926992556275,4029.197943728798,1007.2994859321994,892.895,899412.6744914312,206.8649151330292,south,1092909.869241577,251.36926992556275
Gebouw.14456455,https://data.vlaanderen.be/id/gebouw/14456455,14456455,2023-11-02 16:30:57,IngemetenGRB,Gerealiseerd,6560.293101399841,176791.50756696158,175108.61193428776,47,3936.1758608399045,984.0439652099761,1076.04,1058870.6683245427,243.54025371464485,3936.1758608399045,984.0439652099761,885.855,871720.2668010835,200.4956613642492,south,1058870.6683245427,243.54025371464485
Gebouw.31859066,https://data.vlaanderen.be/id/gebouw/31859066,31859066,2025-06-21 00:47:51,IngemetenGRB,Gerealiseerd,6335.279333108925,176135.63808677625,170458.4869028133,49,3801.167599865355,950.2918999663387,1084.96,1031028.6997874789,237.13660095112016,3801.167599865355,950.2918999663387,892.9300000000001,848544.146236943,195.16515363449687,south,1031028.6997874789,237.13660095112016
Gebouw.18585437,https://data.vlaanderen.be/id/gebouw/18585437,18585437,2025-11-03 22:01:47,IngemetenGRB,Gerealiseerd,6441.93166325548,171507.95941862304,172629.7970390657,48,3865.158997953288,966.289749488322,1065.94,1030006.895569582,236.90158598100388,3865.158997953288,966.289749488322,878.9549999999999,849325.2067615079,195.34479755514684,south,1030006.895569582,236.90158598100388
Gebouw.14016377,https://data.vlaanderen.be/id/gebouw/14016377,14016377,2023-11-02 13:56:25,IngemetenGRB,Gerealiseerd,6211.541717934924,175291.87313326704,171121.69541014434,51,3726.9250307609545,931.7312576902386,1085.05,1010975.0011567934,232.5242502660625,3726.9250307609545,931.7312576902386,892.925,831966.1332730562,191.35221065280297,south,1010975.0011567934,232.5242502660625
Gebouw.30664614,https://data.vlaanderen.be/id/gebouw/30664614,30664614,2025-09-23 18:35:32,IngemetenGRB,Gerealiseerd,6234.197476281041,172838.4791447919,174374.70202020658,50,3740.5184857686245,935.1296214421561,1065.84,996698.5557179076,229.24066781511877,3740.5184857686245,935.1296214421561,878.6400000000001,821642.2905839361,188.97772683430532,south,996698.5557179076,229.24066781511877
Gebouw.19739784,https://data.vlaanderen.be/id/gebouw/19739784,19739784,2023-11-03 04:53:05,IngemetenGRB,Gerealiseerd,6149.203535127539,174057.6281505124,171272.13335391224,52,3689.522121076523,922.3805302691308,1075.91,992398.4363218605,228.25164035402796,3689.522121076523,922.3805302691308,886.1500000000001,817367.5068979904,187.9945265865378,south,992398.4363218605,228.25164035402796
Gebouw.19739452,https://data.vlaanderen.be/id/gebouw/19739452,19739452,2023-11-03 04:52:37,IngemetenGRB,Gehistoreerd,6097.609045602135,173476.76993558794,174102.13883515107,54,3658.565427361281,914.6413568403202,1076.28,984410.1995400998,226.41434589422298,3658.565427361281,914.6413568403202,886.13,810491.145536913,186.41296347348998,south,984410.1995400998,226.41434589422298
Gebouw.14137576,https://data.vlaanderen.be/id/gebouw/14137576,14137576,2024-01-08 09:38:53,IngemetenGRB,Gerealiseerd,6119.423018835683,171965.50424767967,172326.75616289175,53,3671.65381130141,917.9134528253525,1064.22,976861.8547657966,224.67822659613324,3671.65381130141,917.9134528253525,878.3050000000001,806207.9751837712,185.4278342922674,south,976861.8547657966,224.67822659613324
Gebouw.14124260,https://data.vlaanderen.be/id/gebouw/14124260,14124260,2025-03-25 20:31:16,IngemetenGRB,Gerealiseerd,6061.5897780114465,170803.6157598094,173794.41990219432,55,3636.9538668068676,909.2384667017169,1066.09,969330.0369660333,222.94590850218768,3636.9538668068676,909.2384667017169,878.955,799179.6964998076,183.8113301949558,south,969330.0369660333,222.94590850218768
Gebouw.31618232,https://data.vlaanderen.be/id/gebouw/31618232,31618232,2024-04-15 17:05:57,IngemetenGRB,Gerealiseerd,6004.81846243998,171368.15834392965,174660.52775303222,56,3602.891077463988,900.722769365997,1064.54,958855.4169008784,220.53674588720204,3602.891077463988,900.722769365997,878.49,791275.9456603348,181.99346750187703,south,958855.4169008784,220.53674588720204
Gebouw.30804826,https://data.vlaanderen.be/id/gebouw/30804826,30804826,2023-11-04 00:43:57,IngemetenGRB,Gerealiseerd,5907.293163976616,173474.38055196567,174100.47243501656,57,3544.3758983859693,886.0939745964923,1076.28,953685.2229787128,219.34760128510393,3544.3758983859693,886.0939745964923,886.13,785194.4537091898,180.59472435311366,south,953685.2229787128,219.34760128510393
Gebouw.14123664,https://data.vlaanderen.be/id/gebouw/14123664,14123664,2024-11-29 17:02:22,IngemetenGRB,Gehistoreerd,5887.469652578999,173693.4795190908,175757.83949057822,59,3532.481791547399,883.1204478868498,1075.21,949539.9367724197,218.39418545765653,3532.481791547399,883.1204478868498,884.7950000000001,781380.5566880453,179.71752803825044,south,949539.9367724197,218.39418545765653
Gebouw.14066714,https://data.vlaanderen.be/id/gebouw/14066714,14066714,2023-11-02 17:00:06,IngemetenGRB,Gehistoreerd,5901.046915039228,173186.53150683365,171878.83437506217,58,3540.628149023537,885.1570372558842,1065.54,943170.2294776349,216.92915277985603,3540.628149023537,885.1570372558842,878.6700000000001,777760.9339256278,178.8850148028944,south,943170.2294776349,216.92915277985603
Gebouw.14055307,https://data.vlaanderen.be/id/gebouw/14055307,14055307,2023-11-02 14:01:38,IngemetenGRB,Gehistoreerd,5884.630909583732,171813.8172653215,172959.27038134777,60,3530.778545750239,882.6946364375598,1065.68,940670.0201587788,216.35410463651914,3530.778545750239,882.6946364375598,878.6600000000001,775588.4692522263,178.38534792801204,south,940670.0201587788,216.35410463651914
Gebouw.14066320,https://data.vlaanderen.be/id/gebouw/14066320,14066320,2023-11-02 17:01:37,IngemetenGRB,Gerealiseerd,5809.115611895069,172367.4081797991,172119.93614538075,61,3485.4693671370414,871.3673417842604,1065.56,928494.1847116364,213.55366248367636,3485.4693671370414,871.3673417842604,878.665,765639.985368867,176.09719663483943,south,928494.1847116364,213.55366248367636
Gebouw.14116879,https://data.vlaanderen.be/id/gebouw/14116879,14116879,2024-11-13 10:26:23,IngemetenGRB,Gerealiseerd,5723.822228380152,175729.6532452217,171478.68483517648,62,3434.293337028091,858.5733342570228,1075.92,923756.2217938161,212.4639310125777,3434.293337028091,858.5733342570228,886.14,760816.1744185182,174.98772011625917,south,923756.2217938161,212.4639310125777
Gebouw.19743935,https://data.vlaanderen.be/id/gebouw/19743935,19743935,2023-11-03 05:04:53,IngemetenGRB,Gerealiseerd,5670.428707940995,175674.63304235134,171250.6643229466,63,3402.257224764597,850.5643061911493,1075.61,914875.473382262,210.42135887792028,3402.257224764597,850.5643061911493,886.09,753676.5260729155,173.34560099677057,south,914875.473382262,210.42135887792028
Gebouw.13965419,https://data.vlaanderen.be/id/gebouw/13965419,13965419,2023-11-02 15:16:53,IngemetenGRB,Gerealiseerd,5581.334358122532,174853.69962280005,174823.22960812977,64,3348.800614873519,837.2001537183797,1076.37,901137.1294578523,207.26153977530603,3348.800614873519,837.2001537183797,886.125,741863.9862136992,170.62871682915082,south,901137.1294578523,207.26153977530603
Gebouw.13965454,https://data.vlaanderen.be/id/gebouw/13965454,13965454,2023-11-02 15:14:22,IngemetenGRB,Gerealiseerd,5513.127310879878,174461.60570938632,170775.95445125276,65,3307.8763865279266,826.9690966319816,1085.0,897261.4698457001,206.37013806451102,3307.8763865279266,826.9690966319816,892.915,738413.1109191459,169.83501551140355,south,897261.4698457001,206.37013806451102
Gebouw.14167886,https://data.vlaanderen.be/id/gebouw/14167886,14167886,2023-11-02 14:41:53,IngemetenGRB,Gerealiseerd,5461.108910038991,174470.30019295082,174313.65719330293,66,3276.6653460233942,819.1663365058486,1075.27,880824.9866546438,202.58974693056808,3276.6653460233942,819.1663365058486,885.66,725502.8575897698,166.86565724564704,south,880824.9866546438,202.58974693056808
Gebouw.19744262,https://data.vlaanderen.be/id/gebouw/19744262,19744262,2023-11-03 05:04:56,IngemetenGRB,Gerealiseerd,5409.161637528964,177772.90035320263,175196.65445813644,68,3245.4969825173785,811.3742456293446,1080.09,876357.2089617988,201.56215806121372,3245.4969825173785,811.3742456293446,890.0450000000001,722159.5904511701,166.09670580376914,south,876357.2089617988,201.56215806121372
Gebouw.14542669,https://data.vlaanderen.be/id/gebouw/14542669,14542669,2024-12-18 00:36:59,IngemetenGRB,Gerealiseerd,5406.370843211322,173953.20869583724,175331.62774414584,69,3243.822505926793,810.9556264816982,1076.18,872734.2261070741,200.72887200462705,3243.822505926793,810.9556264816982,886.06,718555.3424003735,165.2677287520859,south,872734.2261070741,200.72887200462705
Gebouw.14076921,https://data.vlaanderen.be/id/gebouw/14076921,14076921,2023-11-02 14:09:44,IngemetenGRB,Gehistoreerd,5443.236439026722,172136.26146504376,173924.53143054715,67,3265.9418634160334,816.4854658540083,1065.79,870202.0446525435,200.146470270085,3265.9418634160334,816.4854658540083,878.65,717404.9545726244,165.0031395517036,south,870202.0446525435,200.146470270085
Gebouw.14060332,https://data.vlaanderen.be/id/gebouw/14060332,14060332,2023-11-02 16:48:53,IngemetenGRB,Gerealiseerd,5363.506083790857,174508.50955009207,174090.27991284168,70,3218.103650274514,804.5259125686285,1076.27,865887.1039202379,199.1540339016547,3218.103650274514,804.5259125686285,886.13,712914.5469044388,163.97034578802092,south,865887.1039202379,199.1540339016547
Gebouw.18859325,https://data.vlaanderen.be/id/gebouw/18859325,18859325,2023-11-02 20:20:30,IngemetenGRB,Gehistoreerd,5340.5131658397195,171897.06271316065,172988.0193161884,71,3204.307899503832,801.076974875958,1065.68,853691.710585811,196.34909343473652,3204.307899503832,801.076974875958,878.66,703874.2947445092,161.8910877912371,south,853691.710585811,196.34909343473652
Gebouw.14124464,https://data.vlaanderen.be/id/gebouw/14124464,14124464,2024-04-10 17:09:39,IngemetenGRB,Gerealiseerd,5230.255557148619,173876.6176164361,175615.05283464422,73,3138.153334289171,784.5383335722928,1076.48,844539.8253239017,194.24415982449742,3138.153334289171,784.5383335722928,886.115,695191.1854534122,159.89397265428482,south,844539.8253239017,194.24415982449742
Gebouw.19743624,https://data.vlaanderen.be/id/gebouw/19743624,19743624,2024-07-25 01:01:24,IngemetenGRB,Gerealiseerd,5233.01710575919,172548.31296275923,171660.1107422517,72,3139.810263455514,784.9525658638785,1063.51,834804.9033218934,192.00512776403548,3139.810263455514,784.9525658638785,878.1700000000001,689321.7947646822,158.5440127958769,south,834804.9033218934,192.00512776403548
Gebouw.19744208,https://data.vlaanderen.be/id/gebouw/19744208,19744208,2023-11-03 05:04:56,IngemetenGRB,Gerealiseerd,5163.605791915664,175104.18214474857,171189.39555069912,75,3098.163475149398,774.5408687873495,1075.9,833328.5207283094,191.66555976751118,3098.163475149398,774.5408687873495,886.15,686359.3908759097,157.86265990145924,south,833328.5207283094,191.66555976751118
Gebouw.19742526,https://data.vlaanderen.be/id/gebouw/19742526,19742526,2023-11-03 05:02:38,IngemetenGRB,Gerealiseerd,5209.626152881008,174406.6726285184,176964.8361527951,74,3125.7756917286047,781.4439229321512,1064.92,832175.2624089065,191.40031035404851,3125.7756917286047,781.4439229321512,878.01,686115.578773658,157.80658311794136,south,832175.2624089065,191.40031035404851
Gebouw.14216678,https://data.vlaanderen.be/id/gebouw/14216678,14216678,2023-11-02 14:13:08,IngemetenGRB,Gerealiseerd,5016.228822575387,175400.29369893562,171105.35834139606,77,3009.737293545232,752.434323386308,1084.64,816120.3645177252,187.70768383907682,3009.737293545232,752.434323386308,892.8299999999999,671795.9369489973,154.51306549826938,south,816120.3645177252,187.70768383907682
Gebouw.14039080,https://data.vlaanderen.be/id/gebouw/14039080,14039080,2025-09-09 02:53:58,IngemetenGRB,Gerealiseerd,5038.021009373107,172378.51338229992,173673.71837190987,76,3022.812605623864,755.7031514059661,1065.75,805390.6336109084,185.23984573050893,3022.812605623864,755.7031514059661,878.655,664002.3524986091,152.7205410746801,south,805390.6336109084,185.23984573050893
Gebouw.19740720,https://data.vlaanderen.be/id/gebouw/19740720,19740720,2023-11-03 04:53:20,IngemetenGRB,Gerealiseerd,4994.164927909699,173799.622408766,174876.76703075462,79,2996.498956745819,749.1247391864548,1075.04,805339.0596150063,185.22798371145146,2996.498956745819,749.1247391864548,885.8499999999999,663612.1502083209,152.63079454791384,south,805339.0596150063,185.22798371145146
Gebouw.14116690,https://data.vlaanderen.be/id/gebouw/14116690,14116690,2023-11-02 16:57:45,IngemetenGRB,Gerealiseerd,4946.042384262623,175982.33831036527,170475.28879858338,81,2967.625430557574,741.9063576393935,1084.96,804938.7217844364,185.13590601042037,2967.625430557574,741.9063576393935,892.925,662466.7343951555,152.36734891088574,south,804938.7217844364,185.13590601042037
Gebouw.14507980,https://data.vlaanderen.be/id/gebouw/14507980,14507980,2025-09-17 09:14:55,IngemetenGRB,Gerealiseerd,4949.358145906797,173501.11071053622,171770.1832318067,80,2969.614887544078,742.4037218860195,1075.97,798804.1326377004,183.7249505066711,2969.614887544078,742.4037218860195,886.145,657877.3461306868,151.31178961005799,south,798804.1326377004,183.7249505066711
Gebouw.19740886,https://data.vlaanderen.be/id/gebouw/19740886,19740886,2023-11-03 04:53:24,IngemetenGRB,Gerealiseerd,4995.467063237877,172138.08534473978,173920.06208013982,78,2997.2802379427258,749.3200594856814,1065.79,798617.8261992444,183.68210002582623,2997.2802379427258,749.3200594856814,878.65,658390.070267094,151.42971616143163,south,798617.8261992444,183.68210002582623
Gebouw.14216439,https://data.vlaanderen.be/id/gebouw/14216439,14216439,2024-04-10 17:09:50,IngemetenGRB,Gerealiseerd,4864.481548544484,173930.71098878497,176065.8732300265,82,2918.6889291266903,729.6722322816726,1076.47,785470.2678842521,180.658161613378,2918.6889291266903,729.6722322816726,886.065,646537.0264966602,148.70351609423187,south,785470.2678842521,180.658161613378
Gebouw.14508040,https://data.vlaanderen.be/id/gebouw/14508040,14508040,2023-11-02 17:09:50,IngemetenGRB,Gerealiseerd,4793.859117402038,174240.39452496418,173094.70411843582,86,2876.3154704412223,719.0788676103056,1076.14,773829.5325901543,177.9807924957355,2876.3154704412223,719.0788676103056,886.14,637204.5477441961,146.55704598116512,south,773829.5325901543,177.9807924957355
Gebouw.14051810,https://data.vlaanderen.be/id/gebouw/14051810,14051810,2025-06-21 00:47:50,IngemetenGRB,Gerealiseerd,4835.908697629899,172996.76333157258,174022.7507560847,83,2901.545218577939,725.3863046444848,1065.74,773073.2003118132,177.80683607171702,2901.545218577939,725.3863046444848,878.56,637295.3918084585,146.57794011594547,south,773073.2003118132,177.80683607171702
Gebouw.14265825,https://data.vlaanderen.be/id/gebouw/14265825,14265825,2023-11-02 15:07:51,IngemetenGRB,Gehistoreerd,4831.355707258982,173236.61028796993,175113.18578116494,84,2898.813424355389,724.7033560888473,1065.93,772483.048355785,177.67110112183056,2898.813424355389,724.7033560888473,878.6099999999999,636731.615693222,146.4482716094411,south,772483.048355785,177.67110112183056
Gebouw.14005649,https://data.vlaanderen.be/id/gebouw/14005649,14005649,2023-11-02 13:56:12,IngemetenGRB,Gerealiseerd,4771.736594047966,176146.17507204544,175328.04824930397,88,2863.0419564287795,715.7604891071949,1076.45,770480.3784994399,177.21048705487118,2863.0419564287795,715.7604891071949,886.13,634256.8422125586,145.87907370888848,south,770480.3784994399,177.21048705487118
Gebouw.14530360,https://data.vlaanderen.be/id/gebouw/14530360,14530360,2025-01-27 13:47:24,IngemetenGRB,Gerealiseerd,4810.369265941504,172613.6261208962,179517.45778854075,85,2886.2215595649022,721.5553898912256,1062.3,766508.2906814489,176.29690685673324,2886.2215595649022,721.5553898912256,875.53,631743.3905114647,145.3009798176369,south,766508.2906814489,176.29690685673324
Gebouw.14498278,https://data.vlaanderen.be/id/gebouw/14498278,14498278,2023-11-02 16:33:13,IngemetenGRB,Gerealiseerd,4788.461565030156,173215.86865964442,174114.9806732973,87,2873.0769390180935,718.2692347545234,1064.68,764726.888858446,175.8871844374426,2873.0769390180935,718.2692347545234,878.125,630730.1717688158,145.06793950682766,south,764726.888858446,175.8871844374426
Gebouw.14097904,https://data.vlaanderen.be/id/gebouw/14097904,14097904,2023-11-02 17:06:35,IngemetenGRB,Gehistoreerd,4748.145367083404,174214.61696506754,176713.70168847326,89,2848.8872202500424,712.2218050625106,1064.89,758437.877993017,174.44071193839392,2848.8872202500424,712.2218050625106,878.08,625387.7225892893,143.83917619553654,south,758437.877993017,174.44071193839392
Gebouw.15214306,https://data.vlaanderen.be/id/gebouw/15214306,15214306,2024-04-15 17:07:03,IngemetenGRB,Gerealiseerd,4687.381104729843,172948.3389612955,173652.19516724526,90,2812.428662837906,703.1071657094765,1065.75,749336.4618548745,172.34738622662113,2812.428662837906,703.1071657094765,878.635,617774.5645431458,142.08814984492355,south,749336.4618548745,172.34738622662113
Gebouw.18436183,https://data.vlaanderen.be/id/gebouw/18436183,18436183,2023-11-02 16:20:33,IngemetenGRB,Gehistoreerd,4605.322685256859,171129.01272628043,174113.78819157038,91,2763.193611154115,690.7984027885287,1066.14,736487.8091489621,169.3921961042613,2763.193611154115,690.7984027885287,878.9549999999999,607180.7101229912,139.651563328288,south,736487.8091489621,169.3921961042613
Gebouw.13951631,https://data.vlaanderen.be/id/gebouw/13951631,13951631,2024-04-15 17:08:55,IngemetenGRB,Gerealiseerd,4526.4906276303755,174871.44098077732,171821.03950795683,94,2715.894376578225,678.9735941445563,1075.99,730568.797563601,168.03082343962822,2715.894376578225,678.9735941445563,886.15,601672.4504511985,138.38466360377566,south,730568.797563601,168.03082343962822
Gebouw.14168075,https://data.vlaanderen.be/id/gebouw/14168075,14168075,2023-11-02 14:41:44,IngemetenGRB,Gerealiseerd,4573.91277715878,172082.47712106523,172206.61165371278,92,2744.347666295268,686.086916573817,1064.25,730168.0009636848,167.93864022164752,2744.347666295268,686.086916573817,878.19,602514.6692659603,138.5783739311709,south,730168.0009636848,167.93864022164752
Gebouw.14682128,https://data.vlaanderen.be/id/gebouw/14682128,14682128,2023-11-02 15:48:02,IngemetenGRB,Gerealiseerd,4510.528804821008,173565.225700578,174545.26860082333,95,2706.3172828926045,676.5793207231511,1076.33,728222.6202739492,167.49120266300832,2706.3172828926045,676.5793207231511,886.125,599533.8505758023,137.89278563243454,south,728222.6202739492,167.49120266300832
Gebouw.14362407,https://data.vlaanderen.be/id/gebouw/14362407,14362407,2023-11-02 16:29:12,IngemetenGRB,Gerealiseerd,4549.555070491709,172649.2783207596,173024.35410430664,93,2729.733042295025,682.4332605737562,1063.52,725781.4212854012,166.9297268956423,2729.733042295025,682.4332605737562,878.19,599306.065103267,137.84039497375142,south,725781.4212854012,166.9297268956423
Gebouw.14245835,https://data.vlaanderen.be/id/gebouw/14245835,14245835,2023-11-02 16:22:48,IngemetenGRB,Gerealiseerd,4358.308126926265,174359.69756716216,170668.9984529455,97,2614.9848761557587,653.7462190389397,1084.98,709301.5727328687,163.1393617285598,2614.9848761557587,653.7462190389397,892.925,583746.3426353452,134.2616588061294,south,709301.5727328687,163.1393617285598
Gebouw.13982546,https://data.vlaanderen.be/id/gebouw/13982546,13982546,2023-11-02 16:42:59,IngemetenGRB,Gerealiseerd,4389.115219652912,173684.18010648066,174584.43254819265,96,2633.4691317917473,658.3672829479368,1076.34,708627.0413281822,162.98421950548192,2633.4691317917473,658.3672829479368,886.125,583395.7086022405,134.18101297851533,south,708627.0413281822,162.98421950548192
Gebouw.13974421,https://data.vlaanderen.be/id/gebouw/13974421,13974421,2023-11-02 14:00:55,IngemetenGRB,Gerealiseerd,4307.455891932307,173859.7036580114,176359.11933597684,99,2584.473535159384,646.118383789846,1076.03,695242.764509388,159.90583583715926,2584.473535159384,646.118383789846,885.995,572457.6574458847,131.66526121255347,south,695242.764509388,159.90583583715926
Gebouw.14051768,https://data.vlaanderen.be/id/gebouw/14051768,14051768,2023-11-02 14:28:07,IngemetenGRB,Gerealiseerd,4298.923007417335,174612.92654520625,171241.72839458278,100,2579.3538044504007,644.8384511126002,1075.91,693788.1379365578,159.5712717254083,2579.3538044504007,644.8384511126002,886.15,571423.5934534307,131.42742649428908,south,693788.1379365578,159.5712717254083
Gebouw.14542407,https://data.vlaanderen.be/id/gebouw/14542407,14542407,2023-11-02 17:10:58,IngemetenGRB,Gerealiseerd,4331.603403763323,172345.2089657151,172477.2852176846,98,2598.9620422579933,649.7405105644983,1064.83,691863.1878643947,159.1285332088108,2598.9620422579933,649.7405105644983,878.4849999999999,570787.2924232533,131.28107725734824,south,691863.1878643947,159.1285332088108
Gebouw.14076705,https://data.vlaanderen.be/id/gebouw/14076705,14076705,2024-04-15 17:11:38,IngemetenGRB,Gerealiseerd,4269.074202398409,174224.97586220954,174277.6458251897,101,2561.4445214390457,640.3611303597614,1076.29,689214.2809949076,158.51928462882876,2561.4445214390457,640.3611303597614,886.13,567443.2084456953,130.51193794250995,south,689214.2809949076,158.51928462882876
Gebouw.14498524,https://data.vlaanderen.be/id/gebouw/14498524,14498524,2023-11-02 16:33:09,IngemetenGRB,Gerealiseerd,4254.979373170368,172083.32645774048,172884.54678627953,102,2552.9876239022205,638.2469059755551,1065.67,680160.5802909699,156.4369334669231,2552.9876239022205,638.2469059755551,878.66,560802.0264044813,128.9844660730307,south,680160.5802909699,156.4369334669231
Gebouw.14571733,https://data.vlaanderen.be/id/gebouw/14571733,14571733,2023-11-02 15:44:34,IngemetenGRB,Gerealiseerd,4160.738713022899,174735.38657806086,171130.31967276896,104,2496.443227813739,624.1108069534348,1075.89,671474.576093131,154.43915250142012,2496.443227813739,624.1108069534348,886.145,553052.6710277515,127.20211433638286,south,671474.576093131,154.43915250142012
Gebouw.19741540,https://data.vlaanderen.be/id/gebouw/19741540,19741540,2023-11-03 04:57:47,IngemetenGRB,Gerealiseerd,4163.96888613734,173701.76450433608,175417.18459518935,103,2498.381331682404,624.595332920601,1074.86,671352.5395430371,154.41108409489854,2498.381331682404,624.595332920601,885.715,553213.4552977701,127.23909471848714,south,671352.5395430371,154.41108409489854
Gebouw.14572185,https://data.vlaanderen.be/id/gebouw/14572185,14572185,2025-06-21 00:47:49,IngemetenGRB,Gerealiseerd,4152.967305023196,173496.85971139834,175353.9119584753,106,2491.7803830139173,622.9450957534793,1076.15,670382.3647951068,154.18794390287457,2491.7803830139173,622.9450957534793,885.61,551686.4062502389,126.88787343755496,south,670382.3647951068,154.18794390287457
Gebouw.18135285,https://data.vlaanderen.be/id/gebouw/18135285,18135285,2023-11-02 06:54:11,IngemetenGRB,Gerealiseerd,4149.247935392816,174340.89614025527,174853.6812507006,107,2489.548761235689,622.3871903089223,1076.37,669918.9000328146,154.08134700754735,2489.548761235689,622.3871903089223,886.125,551512.8490124937,126.84795527287356,south,669918.9000328146,154.08134700754735
Gebouw.14077106,https://data.vlaanderen.be/id/gebouw/14077106,14077106,2023-11-02 14:10:27,IngemetenGRB,Gerealiseerd,4123.321841474316,174417.46775957124,175110.05270844616,108,2473.9931048845897,618.4982762211474,1076.41,665757.7295072053,153.12427778665722,2473.9931048845897,618.4982762211474,886.12,548063.6925250832,126.05464928076914,south,665757.7295072053,153.12427778665722
Gebouw.13958547,https://data.vlaanderen.be/id/gebouw/13958547,13958547,2024-04-15 17:08:54,IngemetenGRB,Gerealiseerd,4156.38276933579,171269.42999243777,174548.05999473543,105,2493.8296616014736,623.4574154003684,1066.18,664717.8271515649,152.88510024485993,2493.8296616014736,623.4574154003684,878.9449999999999,547984.7779790767,126.03649893518765,south,664717.8271515649,152.88510024485993
Gebouw.14246292,https://data.vlaanderen.be/id/gebouw/14246292,14246292,2023-11-02 16:22:30,IngemetenGRB,Gehistoreerd,4089.6144087610983,177760.75686895184,175197.34209237108,111,2453.768645256659,613.4421613141648,1080.09,662572.7440138161,152.39173112317772,2453.768645256659,613.4421613141648,890.05,545994.1956776723,125.57866500586464,south,662572.7440138161,152.39173112317772
Gebouw.14116930,https://data.vlaanderen.be/id/gebouw/14116930,14116930,2025-04-24 10:13:28,IngemetenGRB,Gerealiseerd,4098.499597847107,173723.32057704878,173841.11451255038,110,2459.0997587082643,614.7749396770661,1076.24,661645.3810780456,152.1784376479505,2459.0997587082643,614.7749396770661,886.135,544773.5911707369,125.2979259692695,south,661645.3810780456,152.1784376479505
Gebouw.31618242,https://data.vlaanderen.be/id/gebouw/31618242,31618242,2024-12-14 00:36:59,IngemetenGRB,Gerealiseerd,4067.0457901292843,177686.98275341655,175433.01265138574,113,2440.2274740775706,610.0568685193927,1082.13,660160.8391308904,151.83699300010483,2440.2274740775706,610.0568685193927,890.675,543362.40136851,124.9733523147573,south,660160.8391308904,151.83699300010483
Gebouw.15169041,https://data.vlaanderen.be/id/gebouw/15169041,15169041,2023-11-02 16:40:33,IngemetenGRB,Gerealiseerd,4118.741751099191,172268.67425237087,173711.559763086,109,2471.2450506595146,617.8112626648787,1065.76,658438.5312977211,151.44086219847586,2471.2450506595146,617.8112626648787,878.655,542842.9549968089,124.85387964926605,south,658438.5312977211,151.44086219847586
Gebouw.20599835,https://data.vlaanderen.be/id/gebouw/20599835,20599835,2024-04-10 17:08:35,IngemetenGRB,Gerealiseerd,4066.241837352892,173952.06998588354,176430.48759608436,114,2439.7451024117354,609.9362756029338,1076.59,656651.2949513625,151.02979783881338,2439.7451024117354,609.9362756029338,886.12,540476.7325372717,124.3096484835725,south,656651.2949513625,151.02979783881338
Gebouw.14114058,https://data.vlaanderen.be/id/gebouw/14114058,14114058,2024-04-15 17:11:57,IngemetenGRB,Gerealiseerd,4032.355318774586,173860.2121214054,176037.42315674506,116,2419.4131912647517,604.8532978161879,1075.67,650622.5468619389,149.64318577824594,2419.4131912647517,604.8532978161879,885.8,535779.0512055792,123.22918177728322,south,650622.5468619389,149.64318577824594
Gebouw.14031359,https://data.vlaanderen.be/id/gebouw/14031359,14031359,2023-11-02 15:55:08,IngemetenGRB,Gerealiseerd,4070.739873134339,173066.66585630694,175408.39298540525,112,2442.4439238806035,610.6109809701509,1065.42,650557.1513452182,149.6281448094002,2442.4439238806035,610.6109809701509,878.2149999999999,536247.722652701,123.33697621012122,south,650557.1513452182,149.6281448094002
Gebouw.19740053,https://data.vlaanderen.be/id/gebouw/19740053,19740053,2023-11-03 04:53:07,IngemetenGRB,Gerealiseerd,4062.643556482107,171705.54175777454,172532.0558922287,115,2437.586133889264,609.396533472316,1065.62,649385.1339987693,149.35858081971696,2437.586133889264,609.396533472316,878.665,535455.4050834526,123.1547431691941,south,649385.1339987693,149.35858081971696
Gebouw.14507527,https://data.vlaanderen.be/id/gebouw/14507527,14507527,2023-11-02 17:09:12,IngemetenGRB,Gehistoreerd,3990.9002653571474,173802.97181097002,174883.458405608,117,2394.5401592142885,598.6350398035721,1075.05,643562.5995408301,148.01939789439095,2394.5401592142885,598.6350398035721,885.8499999999999,530300.8500099943,121.9691955022987,south,643562.5995408301,148.01939789439095
Gebouw.19742029,https://data.vlaanderen.be/id/gebouw/19742029,19742029,2025-07-22 06:59:54,IngemetenGRB,Gerealiseerd,3981.8139806883114,173958.50256083586,175701.39482758954,118,2389.0883884129867,597.2720971032467,1076.49,642957.439810674,147.88021115645503,2389.0883884129867,597.2720971032467,886.08,529230.8598012448,121.72309775428631,south,642957.439810674,147.88021115645503
Gebouw.14728127,https://data.vlaanderen.be/id/gebouw/14728127,14728127,2023-11-02 15:53:26,IngemetenGRB,Gerealiseerd,3967.7436128735067,175906.0710885058,173292.13015554677,119,2380.646167724104,595.161541931026,1076.16,640489.044964493,147.3124803418334,2380.646167724104,595.161541931026,885.74,527158.384149987,121.24642835449703,south,640489.044964493,147.3124803418334
Gebouw.14408138,https://data.vlaanderen.be/id/gebouw/14408138,14408138,2023-11-02 16:30:16,IngemetenGRB,Gerealiseerd,3934.75654821263,174878.60303895394,170636.949340945,121,2360.853928927578,590.2134822318945,1084.98,640369.823951961,147.28505950895104,2360.853928927578,590.2134822318945,892.925,527016.3736219144,121.21376593304032,south,640369.823951961,147.28505950895104
Gebouw.14102643,https://data.vlaanderen.be/id/gebouw/14102643,14102643,2023-11-02 15:58:59,IngemetenGRB,Gerealiseerd,3965.4563802618763,175734.97671855014,174753.29073374992,120,2379.2738281571255,594.8184570392814,1076.37,640244.7426033713,147.25629079877538,2379.2738281571255,594.8184570392814,886.13,527086.4793362184,121.22989024733025,south,640244.7426033713,147.25629079877538
Gebouw.14070528,https://data.vlaanderen.be/id/gebouw/14070528,14070528,2023-11-02 14:09:34,IngemetenGRB,Gerealiseerd,3911.021904276209,175810.12749351666,170914.4536671388,124,2346.6131425657254,586.6532856414314,1084.71,636348.685468117,146.36019765766693,2346.6131425657254,586.6532856414314,892.865,523802.1858842366,120.47450275337441,south,636348.685468117,146.36019765766693
Gebouw.14035434,https://data.vlaanderen.be/id/gebouw/14035434,14035434,2023-11-02 16:59:09,IngemetenGRB,Gehistoreerd,3915.136288508337,174554.42110741936,172739.45188296447,123,2349.0817731050024,587.2704432762506,1076.1,631961.7240095732,145.35119652220186,2349.0817731050024,587.2704432762506,886.14,520403.8306048167,119.69288103910786,south,631961.7240095732,145.35119652220186
Gebouw.14152767,https://data.vlaanderen.be/id/gebouw/14152767,14152767,2023-11-02 16:08:25,IngemetenGRB,Gerealiseerd,3904.3364904919895,174241.19637700476,173238.39543926754,125,2342.6018942951937,585.6504735737984,1076.16,630253.6136411789,144.95833113747116,2342.6018942951937,585.6504735737984,886.135,518965.3824003179,119.36203795207312,south,630253.6136411789,144.95833113747116
Gebouw.14093773,https://data.vlaanderen.be/id/gebouw/14093773,14093773,2023-11-02 16:51:56,IngemetenGRB,Gehistoreerd,3916.858461475366,174143.15989090275,176999.66531528652,122,2350.1150768852194,587.5287692213049,1064.93,625677.0122068442,143.90571280757416,2350.1150768852194,587.5287692213049,878.07,515891.38639015116,118.65501886973477,south,625677.0122068442,143.90571280757416
Gebouw.14152583,https://data.vlaanderen.be/id/gebouw/14152583,14152583,2023-11-02 16:08:34,IngemetenGRB,Gerealiseerd,3876.3425018973844,174307.92443673383,171536.60534022006,127,2325.8055011384304,581.4513752846076,1075.95,625612.6072374736,143.89089966461893,2325.8055011384304,581.4513752846076,886.145,515250.2289515786,118.50755265886309,south,625612.6072374736,143.89089966461893
Gebouw.14060064,https://data.vlaanderen.be/id/gebouw/14060064,14060064,2025-06-21 00:47:48,IngemetenGRB,Gerealiseerd,3884.0846698774367,173294.0555827043,170934.92374532076,126,2330.4508019264617,582.6127004816154,1067.96,622207.0596063461,143.1076237094596,2330.4508019264617,582.6127004816154,881.02,513293.4413783128,118.05749151701195,south,622207.0596063461,143.1076237094596
Gebouw.14485176,https://data.vlaanderen.be/id/gebouw/14485176,14485176,2023-11-02 17:07:26,IngemetenGRB,Gehistoreerd,3842.8222713051964,173863.40601757145,175974.29954672264,128,2305.6933627831177,576.4233406957794,1076.39,620456.3196915301,142.70495352905192,2305.6933627831177,576.4233406957794,885.925,510667.8481059084,117.45360506435892,south,620456.3196915301,142.70495352905192
Gebouw.14208018,https://data.vlaanderen.be/id/gebouw/14208018,14208018,2024-04-15 17:08:37,IngemetenGRB,Gerealiseerd,3757.204550712492,175468.97760760208,171066.0989688785,132,2254.322730427495,563.5806826068738,1084.49,611197.6144803285,140.57545133047557,2254.322730427495,563.5806826068738,892.755,503139.4723006996,115.7220786291609,south,611197.6144803285,140.57545133047557
Gebouw.19738831,https://data.vlaanderen.be/id/gebouw/19738831,19738831,2024-01-08 09:30:37,IngemetenGRB,Gerealiseerd,3823.547149264343,171700.23551459514,171911.0684493557,129,2294.1282895586055,573.5320723896514,1064.45,610496.2144551644,140.41412932468782,2294.1282895586055,573.5320723896514,878.39,503784.83706634585,115.87051252525954,south,610496.2144551644,140.41412932468782
Gebouw.14055155,https://data.vlaanderen.be/id/gebouw/14055155,14055155,2023-11-02 14:07:30,IngemetenGRB,Gehistoreerd,3756.8481573837794,173886.55205870015,175362.37092954843,133,2254.1088944302674,563.5272236075668,1076.44,606603.2445801293,139.51874625342973,2254.1088944302674,563.5272236075668,886.125,499355.56101925514,114.85177903442869,south,606603.2445801293,139.51874625342973
Gebouw.14408195,https://data.vlaanderen.be/id/gebouw/14408195,14408195,2023-11-02 16:30:22,IngemetenGRB,Gehistoreerd,3766.2602288712815,173257.92655177432,175083.48484217055,130,2259.7561373227686,564.9390343306922,1065.93,602185.4648641148,138.5026569187464,2259.7561373227686,564.9390343306922,878.6099999999999,496361.08495328936,114.16304953925656,south,602185.4648641148,138.5026569187464
Gebouw.14082308,https://data.vlaanderen.be/id/gebouw/14082308,14082308,2023-11-02 17:01:59,IngemetenGRB,Gehistoreerd,3765.112004073758,173167.5085077214,175074.2481976976,131,2259.0672024442547,564.7668006110637,1065.93,602001.8757753512,138.46043142833076,2259.0672024442547,564.7668006110637,878.605,496206.9348508836,114.12759501570324,south,602001.8757753512,138.46043142833076
Gebouw.14039244,https://data.vlaanderen.be/id/gebouw/14039244,14039244,2023-11-02 16:45:57,IngemetenGRB,Gehistoreerd,3712.545113103969,173661.81410292367,175440.243051875,134,2227.5270678623815,556.8817669655954,1076.45,599455.3780501152,137.8747369515265,2227.5270678623815,556.8817669655954,886.0350000000001,493416.73639336135,113.48584937047312,south,599455.3780501152,137.8747369515265
Gebouw.13974245,https://data.vlaanderen.be/id/gebouw/13974245,13974245,2023-11-02 14:01:13,IngemetenGRB,Gerealiseerd,3703.1468390017917,175121.3063911776,171454.6889720907,135,2221.888103401075,555.4720258502688,1075.94,597654.5714933382,137.46055144346778,2221.888103401075,555.4720258502688,886.145,492228.75834708643,113.21261441982989,south,597654.5714933382,137.46055144346778
Gebouw.19741580,https://data.vlaanderen.be/id/gebouw/19741580,19741580,2023-11-03 04:57:49,IngemetenGRB,Gerealiseerd,3671.08362721006,173851.7828327633,175692.54984487023,138,2202.6501763260358,550.6625440815089,1076.48,592777.2154528628,136.33875955415846,2202.6501763260358,550.6625440815089,885.97,487870.4941798945,112.21021366137575,south,592777.2154528628,136.33875955415846
Gebouw.13970585,https://data.vlaanderen.be/id/gebouw/13970585,13970585,2023-11-02 13:52:54,IngemetenGRB,Gerealiseerd,3639.251646721604,174984.03232199774,170865.08674897248,141,2183.5509880329623,545.8877470082406,1085.01,592293.6643814112,136.22754280772455,2183.5509880329623,545.8877470082406,892.925,487436.8164973332,112.11046779438664,south,592293.6643814112,136.22754280772455
Gebouw.14085587,https://data.vlaanderen.be/id/gebouw/14085587,14085587,2025-02-19 09:51:10,IngemetenGRB,Gerealiseerd,3667.7269167658415,173450.47028001148,174490.48348721402,139,2200.636150059505,550.1590375148762,1076.33,592152.6768483866,136.19511567512893,2200.636150059505,550.1590375148762,886.13,487512.42791305727,112.12785842000318,south,592152.6768483866,136.19511567512893
Gebouw.14031122,https://data.vlaanderen.be/id/gebouw/14031122,14031122,2023-11-02 15:58:04,IngemetenGRB,Gehistoreerd,3689.8421092567955,172960.66288007936,174403.70401787208,136,2213.9052655540772,553.4763163885193,1065.84,589917.1970595394,135.68095532369406,2213.9052655540772,553.4763163885193,878.6400000000001,486306.43063160864,111.85047904526999,south,589917.1970595394,135.68095532369406
Gebouw.31949396,https://data.vlaanderen.be/id/gebouw/31949396,31949396,2025-12-03 13:21:39,Ingeschetst,InAanbouw,3683.1529293995254,171934.05601310093,172189.3441876928,137,2209.8917576397153,552.4729394099288,1064.2,587941.7021200462,135.22659148761065,2209.8917576397153,552.4729394099288,878.2950000000001,485234.2203190435,111.60387067338,south,587941.7021200462,135.22659148761065
Gebouw.19742525,https://data.vlaanderen.be/id/gebouw/19742525,19742525,2023-11-03 05:02:38,IngemetenGRB,Gerealiseerd,3640.042449891585,173692.23017110807,176351.28907180618,140,2184.0254699349507,546.0063674837377,1075.75,587366.3498206309,135.09426045874508,2184.0254699349507,546.0063674837377,885.825,483666.09047628194,111.24320080954486,south,587366.3498206309,135.09426045874508
Gebouw.18445798,https://data.vlaanderen.be/id/gebouw/18445798,18445798,2024-04-15 17:10:48,IngemetenGRB,Gerealiseerd,3631.726776456128,171196.0566292499,174319.26093956578,142,2179.0360658736768,544.7590164684192,1066.15,580794.8254078052,133.5828098437952,2179.0360658736768,544.7590164684192,878.935,478807.76613967,110.12578621212411,south,580794.8254078052,133.5828098437952
Gebouw.13951643,https://data.vlaanderen.be/id/gebouw/13951643,13951643,2023-11-02 14:20:44,IngemetenGRB,Gerealiseerd,3558.2259985026676,174523.88317439723,171092.64500753026,146,2134.9355991016005,533.7338997754002,1085.04,579122.6306123002,133.19820504082907,2134.9355991016005,533.7338997754002,892.925,476584.34245694923,109.61439876509833,south,579122.6306123002,133.19820504082907
Gebouw.14019816,https://data.vlaanderen.be/id/gebouw/14019816,14019816,2025-09-17 10:11:49,IngemetenGRB,Gerealiseerd,3621.3317098173375,171748.45341132037,172066.82414378878,143,2172.7990258904024,543.1997564726006,1064.46,578214.4127748244,132.98931493820962,2172.7990258904024,543.1997564726006,878.245,477062.47012327914,109.72436812835421,south,578214.4127748244,132.98931493820962
Gebouw.14362159,https://data.vlaanderen.be/id/gebouw/14362159,14362159,2024-11-18 17:02:43,IngemetenGRB,Gerealiseerd,3613.1373835119166,172189.99571891114,172314.47608205903,144,2167.88243010715,541.9706075267875,1063.57,576423.6790472653,132.57744618087102,2167.88243010715,541.9706075267875,878.155,475934.19885268604,109.46486573611779,south,576423.6790472653,132.57744618087102
Gebouw.14087913,https://data.vlaanderen.be/id/gebouw/14087913,14087913,2023-11-02 15:25:52,IngemetenGRB,Gehistoreerd,3549.190164071965,173962.54618258998,175708.26095292962,147,2129.5140984431787,532.3785246107947,1076.49,573100.1579582744,131.81303633040312,2129.5140984431787,532.3785246107947,886.08,471729.96308713296,108.49789151004059,south,573100.1579582744,131.81303633040312
Gebouw.14507722,https://data.vlaanderen.be/id/gebouw/14507722,14507722,2023-11-02 17:09:14,IngemetenGRB,Gerealiseerd,3567.1420846646793,171674.8556298654,172653.966400069,145,2140.2852507988073,535.0713126997018,1065.08,569893.7537301984,131.0755633579456,2140.2852507988073,535.0713126997018,878.4449999999999,470030.7192844895,108.1070654354326,south,569893.7537301984,131.0755633579456
Gebouw.14152048,https://data.vlaanderen.be/id/gebouw/14152048,14152048,2023-11-02 16:08:38,IngemetenGRB,Gehistoreerd,3528.5409436272457,173363.7866069659,175162.37157152445,148,2117.1245661763473,529.2811415440868,1076.41,569723.5135694706,131.03640812097825,2117.1245661763473,529.2811415440868,886.115,469003.9587393385,107.87091051004786,south,569723.5135694706,131.03640812097825
Gebouw.18854059,https://data.vlaanderen.be/id/gebouw/18854059,18854059,2023-11-02 20:37:48,IngemetenGRB,Gerealiseerd,3489.226466859164,175466.88625793046,171844.7872191823,152,2093.535880115498,523.3839700288745,1075.97,563145.4502319681,129.52345355335265,2093.535880115498,523.3839700288745,886.1400000000001,463791.4712013869,106.672038376319,south,563145.4502319681,129.52345355335265
Gebouw.13913810,https://data.vlaanderen.be/id/gebouw/13913810,13913810,2024-04-15 17:07:53,IngemetenGRB,Gerealiseerd,3513.338981834511,171802.36615899418,172666.95316166076,149,2108.0033891007065,527.0008472751766,1065.64,561593.1828903193,129.16643206477343,2108.0033891007065,527.0008472751766,878.6600000000001,463054.5644668067,106.50254982736556,south,561593.1828903193,129.16643206477343
Gebouw.20645847,https://data.vlaanderen.be/id/gebouw/20645847,20645847,2023-11-03 23:12:47,IngemetenGRB,Gerealiseerd,3480.8487264876912,175281.099267671,173555.36411545082,153,2088.5092358926145,522.1273089731536,1074.14,560837.8276604232,128.99270036189736,2088.5092358926145,522.1273089731536,884.9,462030.4557103436,106.26700481337905,south,560837.8276604232,128.99270036189736
Gebouw.20111022,https://data.vlaanderen.be/id/gebouw/20111022,20111022,2023-11-03 22:01:25,Ingeschetst,Gerealiseerd,3504.6802186785967,171778.1783909558,172719.5964629566,150,2102.808131207158,525.7020328017895,1065.64,560209.114234899,128.84809627402677,2102.808131207158,525.7020328017895,878.6600000000001,461913.3481416204,106.24007007257269,south,560209.114234899,128.84809627402677
Gebouw.14000920,https://data.vlaanderen.be/id/gebouw/14000920,14000920,2023-11-02 14:20:54,IngemetenGRB,Gehistoreerd,3463.5498990292963,173729.62127805414,173974.70213263197,154,2078.1299394175776,519.5324848543944,1076.26,559152.0321493906,128.60496739435982,2078.1299394175776,519.5324848543944,886.135,460375.9184664488,105.88646124728322,south,559152.0321493906,128.60496739435982
Gebouw.14191636,https://data.vlaanderen.be/id/gebouw/14191636,14191636,2024-01-08 09:35:35,IngemetenGRB,Gerealiseerd,3498.394003065003,171786.74413360143,172035.0685698279,151,2099.0364018390014,524.7591004597504,1065.49,559125.5739488595,128.59888200823767,2099.0364018390014,524.7591004597504,878.62,461063.8408459459,106.04468339456756,south,559125.5739488595,128.59888200823767
Gebouw.14530642,https://data.vlaanderen.be/id/gebouw/14530642,14530642,2023-11-02 16:33:23,IngemetenGRB,Gerealiseerd,3445.326878924654,173398.17103134253,174403.17698249395,156,2067.196127354792,516.799031838698,1076.32,556241.1339486275,127.93546080818433,2067.196127354792,516.799031838698,886.135,457953.71007838467,105.32935331802847,south,556241.1339486275,127.93546080818433
Gebouw.14217090,https://data.vlaanderen.be/id/gebouw/14217090,14217090,2023-11-02 14:13:19,IngemetenGRB,Gerealiseerd,3439.3925637112834,175481.5654624183,175762.3078562008,157,2063.6355382267698,515.9088845566924,1076.51,555381.073314125,127.73764686224874,2063.6355382267698,515.9088845566924,886.125,457159.7603277991,105.1467448753938,south,555381.073314125,127.73764686224874
Gebouw.14102605,https://data.vlaanderen.be/id/gebouw/14102605,14102605,2023-11-02 15:58:11,IngemetenGRB,Gehistoreerd,3453.8734842378185,171406.9827859057,174520.1549839821,155,2072.324090542691,518.0810226356728,1065.6,552067.1377205729,126.97544167573177,2072.324090542691,518.0810226356728,878.73,455253.33702064474,104.7082675147483,south,552067.1377205729,126.97544167573177
Gebouw.14498330,https://data.vlaanderen.be/id/gebouw/14498330,14498330,2023-11-02 16:32:31,IngemetenGRB,Gerealiseerd,3360.518004260084,174407.9335650021,171083.7182992945,163,2016.3108025560505,504.0777006390126,1085.04,546944.4683013542,125.79722770931147,2016.3108025560505,504.0777006390126,892.925,450103.5808430903,103.52382359391078,south,546944.4683013542,125.79722770931147
Gebouw.14238893,https://data.vlaanderen.be/id/gebouw/14238893,14238893,2023-11-02 14:13:59,IngemetenGRB,Gehistoreerd,3361.7541147176485,173933.03378488784,175437.5759262881,162,2017.052468830589,504.26311720764727,1076.45,542814.0325181719,124.84722747917955,2017.052468830589,504.26311720764727,886.125,446840.1547356264,102.77323558919409,south,542814.0325181719,124.84722747917955
Gebouw.14507861,https://data.vlaanderen.be/id/gebouw/14507861,14507861,2024-01-08 09:44:26,IngemetenGRB,Gehistoreerd,3391.1649485511152,172969.25268375024,174422.954914056,158,2034.698969130669,508.67474228266724,1065.84,542165.887314558,124.69815408234835,2034.698969130669,508.67474228266724,878.6400000000001,446941.97555924277,102.79665437862585,south,542165.887314558,124.69815408234835
Gebouw.18134965,https://data.vlaanderen.be/id/gebouw/18134965,18134965,2023-11-02 06:54:25,IngemetenGRB,Gerealiseerd,3351.829916590477,175419.13549799426,172108.9042917502,164,2011.097949954286,502.7744874885715,1075.74,540854.6271709559,124.39656424931985,2011.097949954286,502.7744874885715,886.085,445500.9317463109,102.46521430165151,south,540854.6271709559,124.39656424931985
Gebouw.19741273,https://data.vlaanderen.be/id/gebouw/19741273,19741273,2025-05-15 22:04:09,IngemetenGRB,Gerealiseerd,3375.0095677396653,172756.7994978034,173306.29612804137,160,2025.005740643799,506.25143516094977,1065.7,539512.1544510241,124.08779552373556,2025.005740643799,506.25143516094977,878.6500000000001,444817.82350416854,102.30809940595877,south,539512.1544510241,124.08779552373556
Gebouw.14216491,https://data.vlaanderen.be/id/gebouw/14216491,14216491,2023-11-02 14:11:50,IngemetenGRB,Gehistoreerd,3375.008260651013,172756.79947937155,173306.29606757607,161,2025.0049563906077,506.25123909765193,1065.7,539511.9455063677,124.08774746646459,2025.0049563906077,506.25123909765193,878.6500000000001,444817.6512331519,102.30805978362494,south,539511.9455063677,124.08774746646459
Gebouw.19742804,https://data.vlaanderen.be/id/gebouw/19742804,19742804,2023-11-03 05:02:44,IngemetenGRB,Gerealiseerd,3378.2651960653693,171063.74432429406,173170.12149623243,159,2026.9591176392214,506.73977940980535,1064.22,539282.608043503,124.0349998500057,2026.9591176392214,506.73977940980535,877.84,444836.44795710355,102.31238303013382,south,539282.608043503,124.0349998500057
Gebouw.13986781,https://data.vlaanderen.be/id/gebouw/13986781,13986781,2023-11-02 13:53:15,IngemetenGRB,Gerealiseerd,3311.223846823923,173841.50168949357,174234.1782812419,165,1986.7343080943538,496.6835770235885,1076.29,534575.567114718,122.95238043638516,1986.7343080943538,496.6835770235885,886.13,440126.21810791246,101.22903016481986,south,534575.567114718,122.95238043638516
Gebouw.19291326,https://data.vlaanderen.be/id/gebouw/19291326,19291326,2023-11-02 22:12:28,IngemetenGRB,Gehistoreerd,3306.7683526790306,175357.9327447429,171783.43915544671,166,1984.0610116074183,496.0152529018546,1075.96,533692.5715122794,122.74929144782428,1984.0610116074183,496.0152529018546,886.1400000000001,439538.9562064495,101.09395992748338,south,533692.5715122794,122.74929144782428
Gebouw.14024733,https://data.vlaanderen.be/id/gebouw/14024733,14024733,2023-11-02 14:23:43,IngemetenGRB,Gerealiseerd,3302.717904051129,174159.7281609851,173231.16254320147,167,1981.6307424306774,495.40768560766935,1076.16,533137.9349435495,122.62172503701638,1981.6307424306774,495.40768560766935,886.1400000000001,439000.5665243802,100.97013030060745,south,533137.9349435495,122.62172503701638
Gebouw.14031727,https://data.vlaanderen.be/id/gebouw/14031727,14031727,2023-11-02 15:57:21,IngemetenGRB,Gehistoreerd,3300.9327593663375,173847.41146976204,175691.4493722355,168,1980.5596556198025,495.1399139049506,1076.48,533008.2145204012,122.59188933969227,1980.5596556198025,495.1399139049506,885.97,438679.1095223691,100.89619519014491,south,533008.2145204012,122.59188933969227
Gebouw.15168503,https://data.vlaanderen.be/id/gebouw/15168503,15168503,2024-04-15 17:12:42,IngemetenGRB,Gehistoreerd,3270.394041467236,177688.74982325136,175428.337293359,173,1962.2364248803415,490.55910622008537,1082.13,530848.7256139411,122.09520689120646,1962.2364248803415,490.55910622008537,890.675,436928.73193257453,100.49360834449216,south,530848.7256139411,122.09520689120646
Gebouw.20581617,https://data.vlaanderen.be/id/gebouw/20581617,20581617,2025-12-07 22:38:41,IngemetenGRB,Gerealiseerd,3287.97539326635,174140.09892154415,174600.0399310622,169,1972.7852359598098,493.19630898995246,1076.34,530846.9152182454,122.09479050019644,1972.7852359598098,493.19630898995246,886.125,437033.5793037216,100.51772323985597,south,530846.9152182454,122.09479050019644
Gebouw.14191446,https://data.vlaanderen.be/id/gebouw/14191446,14191446,2023-11-02 16:21:09,IngemetenGRB,Gerealiseerd,3257.6926719694625,175104.20493817606,170929.96516502474,176,1954.6156031816774,488.65390079541936,1085.02,530199.2554410459,121.94582875144056,1954.6156031816774,488.65390079541936,892.925,436331.2843677498,100.35619540458246,south,530199.2554410459,121.94582875144056
Gebouw.14751855,https://data.vlaanderen.be/id/gebouw/14751855,14751855,2023-11-02 15:54:00,IngemetenGRB,Gehistoreerd,3282.1950270886023,173832.9332398755,176235.1613014306,170,1969.3170162531612,492.3292540632903,1075.92,529706.8910317754,121.83258493730835,1969.3170162531612,492.3292540632903,885.955,436181.5642836424,100.32175978523775,south,529706.8910317754,121.83258493730835
Gebouw.19738829,https://data.vlaanderen.be/id/gebouw/19738829,19738829,2023-11-03 04:52:03,IngemetenGRB,Gerealiseerd,3270.6124275482816,173918.3717959193,173849.47932555637,172,1962.367456528969,490.5918641322422,1076.25,527999.4937723257,121.43988356763491,1962.367456528969,490.5918641322422,886.135,434730.62152282445,99.98804295024962,south,527999.4937723257,121.43988356763491
Gebouw.19744180,https://data.vlaanderen.be/id/gebouw/19744180,19744180,2023-11-03 05:04:55,IngemetenGRB,Gerealiseerd,3266.7613285732277,174404.23398908493,171220.67026729815,174,1960.0567971439366,490.01419928598415,1075.9,527206.2770117904,121.2574437127118,1960.0567971439366,490.01419928598415,886.15,434226.08269727486,99.87199902037321,south,527206.2770117904,121.2574437127118
Gebouw.31880110,https://data.vlaanderen.be/id/gebouw/31880110,31880110,2025-09-23 18:35:36,IngemetenGRB,Gerealiseerd,3271.0606286091656,172868.49310049386,174450.75443471933,171,1962.6363771654992,490.6590942913748,1065.85,522968.99565046176,120.28286899960622,1962.6363771654992,490.6590942913748,878.645,431115.159903645,99.15648677783835,south,522968.99565046176,120.28286899960622
Gebouw.31471319,https://data.vlaanderen.be/id/gebouw/31471319,31471319,2024-12-18 00:37:38,IngemetenGRB,Gerealiseerd,3237.7262096087898,175725.4356178319,171531.6705729619,178,1942.6357257652737,485.65893144131843,1075.93,522535.01410565776,120.18305324430129,1942.6357257652737,485.65893144131843,886.14,430361.8055074099,98.98321526670428,south,522535.01410565776,120.18305324430129
Gebouw.19738066,https://data.vlaanderen.be/id/gebouw/19738066,19738066,2023-11-03 04:50:07,IngemetenGRB,Gerealiseerd,3264.693538662923,173170.5059570748,174628.12013515335,175,1958.8161231977538,489.70403079943844,1065.37,521715.9832927977,119.99467615734348,1958.8161231977538,489.70403079943844,878.54,430224.57921853865,98.95165322026389,south,521715.9832927977,119.99467615734348
Gebouw.19745675,https://data.vlaanderen.be/id/gebouw/19745675,19745675,2025-09-23 18:35:25,IngemetenGRB,Gerealiseerd,3257.637936374427,173168.65013538994,171897.69079445922,177,1954.5827618246562,488.64569045616406,1065.0,520407.6603358147,119.69376187723738,1954.5827618246562,488.64569045616406,878.495,429272.79583728785,98.73274304257622,south,520407.6603358147,119.69376187723738
Gebouw.14186968,https://data.vlaanderen.be/id/gebouw/14186968,14186968,2023-11-02 14:43:41,IngemetenGRB,Gerealiseerd,3223.1093087384656,173562.62432524486,171727.46784221724,179,1933.8655852430793,483.4663963107698,1075.96,520190.5037745359,119.64381586814326,1933.8655852430793,483.4663963107698,886.15,428423.7470907887,98.5374618308814,south,520190.5037745359,119.64381586814326
Gebouw.14066912,https://data.vlaanderen.be/id/gebouw/14066912,14066912,2025-09-17 09:09:43,IngemetenGRB,Gerealiseerd,3195.1609754978213,173551.47366340226,173759.04407190476,180,1917.0965852986926,479.27414632467315,1076.23,515809.214499003,118.6361193347707,1917.0965852986926,479.27414632467315,886.135,424701.59565341426,97.68136700028529,south,515809.214499003,118.6361193347707
Gebouw.14102642,https://data.vlaanderen.be/id/gebouw/14102642,14102642,2023-11-02 16:01:26,IngemetenGRB,Gerealiseerd,3175.912198257289,173432.01645799913,175360.09819159954,181,1905.5473189543734,476.38682973859335,1075.83,512511.24303767085,117.8775858986643,1905.5473189543734,476.38682973859335,885.0450000000001,421623.7817259934,96.97346979697848,south,512511.24303767085,117.8775858986643
Gebouw.14137315,https://data.vlaanderen.be/id/gebouw/14137315,14137315,2023-11-02 15:37:42,IngemetenGRB,Gerealiseerd,3131.703254515231,173816.2668143954,171221.40387813625,187,1879.0219527091385,469.75548817728463,1075.93,505424.0223945859,116.24752515075477,1879.0219527091385,469.75548817728463,886.155,416276.17462574167,95.74352016392059,south,505424.0223945859,116.24752515075477
Gebouw.19739976,https://data.vlaanderen.be/id/gebouw/19739976,19739976,2023-11-03 04:53:06,IngemetenGRB,Gerealiseerd,3130.6401589795373,173613.44466946126,176046.5049143136,188,1878.3840953877223,469.59602384693056,1073.94,504317.95385017263,115.9931293855397,1878.3840953877223,469.59602384693056,884.3299999999999,415277.85176855605,95.51390590676789,south,504317.95385017263,115.9931293855397
Gebouw.14103219,https://data.vlaanderen.be/id/gebouw/14103219,14103219,2023-11-02 16:02:00,IngemetenGRB,Gerealiseerd,3152.619533263391,174992.78819863216,179671.28565904297,182,1891.5717199580345,472.8929299895086,1065.26,503753.9226006239,115.8634021981435,1891.5717199580345,472.8929299895086,878.1400000000001,415266.19754098717,95.51122543442705,south,503753.9226006239,115.8634021981435
Gebouw.31880815,https://data.vlaanderen.be/id/gebouw/31880815,31880815,2025-07-31 23:48:26,Ingeschetst,Gepland,3146.231110878226,171015.29782151734,172745.3792363825,183,1887.7386665269355,471.9346666317339,1065.96,503063.47724276304,115.70459976583551,1887.7386665269355,471.9346666317339,878.915,414790.45752263034,95.40180523020497,south,503063.47724276304,115.70459976583551
Gebouw.19741549,https://data.vlaanderen.be/id/gebouw/19741549,19741549,2024-04-15 17:06:26,IngemetenGRB,Gerealiseerd,3138.6414487559605,172451.50422422314,175544.08060831472,184,1883.1848692535762,470.7962173133941,1066.0,501868.7676560781,115.42981656089796,1883.1848692535762,470.7962173133941,878.645,413662.74236132717,95.14243074310527,south,501868.7676560781,115.42981656089796
Gebouw.18893064,https://data.vlaanderen.be/id/gebouw/18893064,18893064,2023-11-02 20:50:58,IngemetenGRB,Gerealiseerd,3134.903800529799,173200.09091417995,172099.73235040208,185,1880.9422803178793,470.2355700794698,1065.55,501059.51169817906,115.2436876905812,1880.9422803178793,470.2355700794698,878.665,413179.5371838773,95.03129355229179,south,501059.51169817906,115.2436876905812
Gebouw.20591940,https://data.vlaanderen.be/id/gebouw/20591940,20591940,2025-06-17 06:07:07,IngemetenGRB,Gerealiseerd,3134.858755974745,171520.3554361278,174531.4892558293,186,1880.9152535848468,470.2288133962117,1063.64,500154.17508074665,115.03546026857174,1880.9152535848468,470.2288133962117,877.14,412456.50138235313,94.86499531794122,south,500154.17508074665,115.03546026857174
Gebouw.19745375,https://data.vlaanderen.be/id/gebouw/19745375,19745375,2024-12-18 00:37:01,IngemetenGRB,Gerealiseerd,3095.217908723201,174153.54573727294,177002.947762187,189,1857.1307452339206,464.28268630848015,1064.93,494428.5611304898,113.71856906001265,1857.1307452339206,464.28268630848015,878.06,407668.05554002407,93.76365277420554,south,494428.5611304898,113.71856906001265
Gebouw.13965138,https://data.vlaanderen.be/id/gebouw/13965138,13965138,2023-11-02 15:18:41,IngemetenGRB,Gehistoreerd,3090.0088994708794,172992.31164067212,174113.01714163698,190,1854.0053396825276,463.5013349206319,1065.75,493976.54769166344,113.61460596908259,1854.0053396825276,463.5013349206319,878.595,407229.9553545926,93.66288973155629,south,493976.54769166344,113.61460596908259
Gebouw.13974345,https://data.vlaanderen.be/id/gebouw/13974345,13974345,2023-11-02 14:01:09,IngemetenGRB,Gerealiseerd,3018.2703763483432,173903.7099948563,171106.10672998402,194,1810.962225809006,452.7405564522515,1084.81,491137.48304496694,112.9616211003424,1810.962225809006,452.7405564522515,892.88,404242.9880450863,92.97588725036987,south,491137.48304496694,112.9616211003424
Gebouw.14039695,https://data.vlaanderen.be/id/gebouw/14039695,14039695,2023-11-02 16:46:15,IngemetenGRB,Gehistoreerd,3068.881092281869,172419.90629685012,174597.47497716092,192,1841.3286553691212,460.3321638422803,1065.85,490645.0368312944,112.84835847119771,1841.3286553691212,460.3321638422803,878.235,404279.817912025,92.98435811976576,south,490645.0368312944,112.84835847119771
Gebouw.20644397,https://data.vlaanderen.be/id/gebouw/20644397,20644397,2023-11-03 23:12:32,IngemetenGRB,Gerealiseerd,3069.037773856964,173196.58313751672,172449.63576311257,191,1841.4226643141785,460.35566607854463,1065.04,490297.19860029314,112.76835567806742,1841.4226643141785,460.35566607854463,878.405,404378.71886172396,93.00710533819652,south,490297.19860029314,112.76835567806742
Gebouw.14082321,https://data.vlaanderen.be/id/gebouw/14082321,14082321,2023-11-02 17:05:02,IngemetenGRB,Gerealiseerd,3010.7245793248203,175364.79231185353,170930.84876592338,195,1806.434747594892,451.608686898723,1083.94,489516.72007700184,112.58884561771042,1806.434747594892,451.608686898723,892.62,403114.9460995381,92.71643760289376,south,489516.72007700184,112.58884561771042
Gebouw.14187359,https://data.vlaanderen.be/id/gebouw/14187359,14187359,2023-11-02 14:51:51,IngemetenGRB,Gerealiseerd,3049.889522573829,172515.11120944604,179609.8367515408,193,1829.9337135442972,457.4834283860743,1062.31,485989.22080881055,111.77752078602643,1829.9337135442972,457.4834283860743,875.525,400538.1786377177,92.12378108667507,south,485989.22080881055,111.77752078602643
Gebouw.20574582,https://data.vlaanderen.be/id/gebouw/20574582,20574582,2023-11-03 23:07:33,IngemetenGRB,Gerealiseerd,2982.7292198304067,173370.72246434522,173856.7837362437,200,1789.6375318982439,447.40938297456097,1076.25,481524.34842637123,110.7506001380654,1789.6375318982439,447.40938297456097,886.13,396462.8765352477,91.18646160310698,south,481524.34842637123,110.7506001380654
Gebouw.14362596,https://data.vlaanderen.be/id/gebouw/14362596,14362596,2023-11-02 16:25:31,IngemetenGRB,Gehistoreerd,3008.725167768268,171811.7974073907,172818.09550843915,196,1805.2351006609608,451.3087751652402,1065.66,480941.7093425899,110.61659314879569,1805.2351006609608,451.3087751652402,878.65,396542.4552989383,91.20476471875581,south,480941.7093425899,110.61659314879569
Gebouw.18341330,https://data.vlaanderen.be/id/gebouw/18341330,18341330,2023-11-02 14:15:10,IngemetenGRB,Gerealiseerd,3005.3359313870183,171195.67808817574,174045.33215214466,197,1803.2015588322108,450.8003897080527,1066.13,480611.8194794463,110.54071848027266,1803.2015588322108,450.8003897080527,878.95,396231.0025338929,91.13313058279537,south,480611.8194794463,110.54071848027266
Gebouw.19225309,https://data.vlaanderen.be/id/gebouw/19225309,19225309,2025-11-03 22:01:50,IngemetenGRB,Gehistoreerd,3003.8686235174223,171549.3012111358,172633.4156893843,198,1802.3211741104533,450.5802935276133,1065.94,480291.55808282417,110.46705835904956,1802.3211741104533,450.5802935276133,878.9549999999999,396039.80189756333,91.08915443643957,south,480291.55808282417,110.46705835904956
Gebouw.13959133,https://data.vlaanderen.be/id/gebouw/13959133,13959133,2023-11-02 13:59:10,IngemetenGRB,Gehistoreerd,2974.0280035252863,173499.75953774486,174129.3333738143,201,1784.4168021151718,446.10420052879294,1076.28,480133.02894512925,110.43059665737974,1784.4168021151718,446.10420052879294,886.13,395306.3152145793,90.92045249935325,south,480133.02894512925,110.43059665737974
